draw_date,time,d1,d2
2016-09-12,E,4,5
2016-09-12,M,0,8
2016-09-13,E,7,2
2016-09-13,M,0,3
2016-09-14,E,9,9
2016-09-14,M,7,4
2016-09-15,E,2,6
2016-09-15,M,8,6
2016-09-16,E,0,1
2016-09-16,M,2,8
2016-09-17,E,0,4
2016-09-17,M,2,5
2016-09-18,E,5,0
2016-09-18,M,2,1
2016-09-19,E,6,0
2016-09-19,M,7,1
2016-09-20,E,2,0
2016-09-20,M,8,9
2016-09-21,E,7,0
2016-09-21,M,9,9
2016-09-22,E,3,5
2016-09-22,M,7,0
2016-09-23,E,7,1
2016-09-23,M,7,0
2016-09-24,E,6,4
2016-09-24,M,9,8
2016-09-25,E,5,8
2016-09-25,M,5,7
2016-09-26,E,8,3
2016-09-26,M,9,8
2016-09-27,E,1,0
2016-09-27,M,1,6
2016-09-28,E,7,3
2016-09-28,M,7,5
2016-09-29,E,6,6
2016-09-29,M,7,1
2016-09-30,E,2,1
2016-09-30,M,7,8
2016-10-01,E,5,1
2016-10-01,M,1,5
2016-10-02,E,2,2
2016-10-02,M,6,1
2016-10-03,E,0,4
2016-10-03,M,7,1
2016-10-04,E,9,7
2016-10-04,M,3,1
2016-10-05,E,5,3
2016-10-05,M,5,8
2016-10-06,E,2,0
2016-10-06,M,9,6
2016-10-07,E,6,8
2016-10-07,M,0,5
2016-10-08,E,9,9
2016-10-08,M,3,6
2016-10-09,E,9,8
2016-10-09,M,4,3
2016-10-10,E,0,2
2016-10-10,M,9,4
2016-10-11,E,4,5
2016-10-11,M,5,0
2016-10-12,E,0,9
2016-10-12,M,0,6
2016-10-13,M,3,1
2016-11-30,E,7,4
2016-12-01,E,4,3
2016-12-01,M,0,2
2016-12-02,E,5,4
2016-12-02,M,4,0
2016-12-03,E,3,5
2016-12-03,M,1,4
2016-12-04,E,7,7
2016-12-04,M,6,2
2016-12-05,E,8,9
2016-12-05,M,7,5
2016-12-06,E,5,4
2016-12-06,M,7,4
2016-12-07,E,9,4
2016-12-07,M,0,8
2016-12-08,E,5,8
2016-12-08,M,6,7
2016-12-09,E,2,9
2016-12-09,M,2,5
2016-12-10,E,2,6
2016-12-10,M,8,8
2016-12-11,E,7,4
2016-12-11,M,1,8
2016-12-12,E,1,0
2016-12-12,M,9,6
2016-12-13,E,3,3
2016-12-13,M,4,3
2016-12-14,E,5,5
2016-12-14,M,6,3
2016-12-15,E,9,6
2016-12-15,M,4,5
2016-12-16,E,4,5
2016-12-16,M,8,8
2016-12-17,E,0,6
2016-12-17,M,5,0
2016-12-18,E,4,7
2016-12-18,M,2,1
2016-12-19,E,5,2
2016-12-19,M,3,7
2016-12-20,E,9,3
2016-12-20,M,6,0
2016-12-21,E,7,1
2016-12-21,M,3,4
2016-12-22,E,4,1
2016-12-22,M,1,4
2016-12-23,E,7,7
2016-12-23,M,4,4
2016-12-24,E,9,5
2016-12-24,M,0,6
2016-12-25,E,5,7
2016-12-25,M,3,2
2016-12-26,E,8,0
2016-12-26,M,3,0
2016-12-27,E,6,0
2016-12-27,M,2,4
2016-12-28,E,8,9
2016-12-28,M,9,4
2016-12-29,E,8,5
2016-12-29,M,6,6
2016-12-30,E,1,4
2016-12-30,M,2,4
2016-12-31,E,6,8
2016-12-31,M,2,1
2017-02-18,E,9,7
2017-02-18,M,6,5
2017-02-19,E,8,0
2017-02-19,M,6,3
2017-02-20,E,6,3
2017-02-20,M,2,9
2017-02-21,E,1,4
2017-02-21,M,4,7
2017-02-22,E,7,4
2017-02-22,M,8,6
2017-02-23,E,8,3
2017-02-23,M,7,8
2017-02-24,E,0,1
2017-02-24,M,3,8
2017-02-25,E,0,2
2017-02-25,M,5,4
2017-02-26,E,2,7
2017-02-26,M,7,3
2017-02-27,E,1,4
2017-02-27,M,4,0
2017-02-28,E,1,0
2017-02-28,M,2,6
2017-03-01,E,2,3
2017-03-01,M,7,3
2017-03-02,E,2,6
2017-03-02,M,2,3
2017-03-03,E,4,2
2017-03-03,M,1,9
2017-03-04,E,8,2
2017-03-04,M,8,0
2017-03-05,E,4,2
2017-03-05,M,1,2
2017-03-06,E,0,6
2017-03-06,M,7,5
2017-03-07,E,4,2
2017-03-07,M,6,8
2017-03-08,E,6,1
2017-03-08,M,5,5
2017-03-09,E,7,7
2017-03-09,M,5,5
2017-03-10,E,5,2
2017-03-10,M,6,3
2017-03-11,E,1,3
2017-03-11,M,8,6
2017-03-12,E,0,7
2017-03-12,M,5,3
2017-03-13,E,9,7
2017-03-13,M,2,3
2017-03-14,E,7,4
2017-03-14,M,8,1
2017-03-15,E,7,9
2017-03-15,M,9,4
2017-03-16,E,6,0
2017-03-16,M,8,2
2017-03-17,E,8,1
2017-03-17,M,5,4
2017-03-18,E,4,1
2017-03-18,M,1,1
2017-03-19,E,3,6
2017-03-19,M,2,7
2017-03-20,E,7,3
2017-03-20,M,0,9
2017-03-21,M,3,3
2017-05-08,E,7,7
2017-05-09,E,0,1
2017-05-09,M,5,8
2017-05-10,E,4,4
2017-05-10,M,9,6
2017-05-11,E,9,4
2017-05-11,M,4,3
2017-05-12,E,3,2
2017-05-12,M,3,2
2017-05-13,E,2,3
2017-05-13,M,2,8
2017-05-14,E,6,7
2017-05-14,M,7,6
2017-05-15,E,5,2
2017-05-15,M,7,5
2017-05-16,E,0,7
2017-05-16,M,3,0
2017-05-17,E,3,2
2017-05-17,M,3,5
2017-05-18,E,1,5
2017-05-18,M,1,3
2017-05-19,E,1,2
2017-05-19,M,8,9
2017-05-20,E,0,7
2017-05-20,M,1,7
2017-05-21,E,2,4
2017-05-21,M,1,7
2017-05-22,E,1,5
2017-05-22,M,2,2
2017-05-23,E,3,6
2017-05-23,M,1,6
2017-05-24,E,5,9
2017-05-24,M,6,5
2017-05-25,E,7,4
2017-05-25,M,1,2
2017-05-26,E,1,3
2017-05-26,M,1,1
2017-05-27,E,6,8
2017-05-27,M,8,5
2017-05-28,E,5,2
2017-05-28,M,3,9
2017-05-29,E,9,9
2017-05-29,M,8,6
2017-05-30,E,2,8
2017-05-30,M,7,5
2017-05-31,E,1,1
2017-05-31,M,0,0
2017-06-01,E,9,1
2017-06-01,M,8,0
2017-06-02,E,2,4
2017-06-02,M,9,3
2017-06-03,E,9,5
2017-06-03,M,8,5
2017-06-04,E,1,6
2017-06-04,M,5,4
2017-06-05,E,3,1
2017-06-05,M,8,9
2017-06-06,E,9,6
2017-06-06,M,4,8
2017-06-07,E,8,1
2017-06-07,M,9,3
2017-06-08,E,4,4
2017-06-08,M,3,1
2017-07-27,E,7,8
2017-07-27,M,6,3
2017-07-28,E,6,6
2017-07-28,M,9,8
2017-07-29,E,1,1
2017-07-29,M,2,9
2017-07-30,E,7,5
2017-07-30,M,8,3
2017-07-31,E,4,2
2017-07-31,M,5,4
2017-08-01,E,6,8
2017-08-01,M,1,5
2017-08-02,E,0,2
2017-08-02,M,8,1
2017-08-03,E,4,9
2017-08-03,M,3,4
2017-08-04,E,8,2
2017-08-04,M,5,2
2017-08-05,E,6,5
2017-08-05,M,0,2
2017-08-06,E,1,0
2017-08-06,M,9,2
2017-08-07,E,4,6
2017-08-07,M,0,8
2017-08-08,E,1,4
2017-08-08,M,8,6
2017-08-09,E,9,4
2017-08-09,M,9,8
2017-08-10,E,2,8
2017-08-10,M,8,5
2017-08-11,E,4,8
2017-08-11,M,1,8
2017-08-12,E,6,2
2017-08-12,M,4,5
2017-08-13,E,6,3
2017-08-13,M,2,8
2017-08-14,E,4,2
2017-08-14,M,6,5
2017-08-15,E,2,3
2017-08-15,M,7,4
2017-08-16,E,6,7
2017-08-16,M,6,4
2017-08-17,E,3,5
2017-08-17,M,2,2
2017-08-18,E,2,0
2017-08-18,M,0,0
2017-08-19,E,6,7
2017-08-19,M,3,4
2017-08-20,E,3,4
2017-08-20,M,8,3
2017-08-21,E,2,9
2017-08-21,M,5,1
2017-08-22,E,9,5
2017-08-22,M,4,0
2017-08-23,E,0,6
2017-08-23,M,3,1
2017-08-24,E,9,9
2017-08-24,M,6,3
2017-08-25,E,1,6
2017-08-25,M,3,3
2017-08-26,E,4,1
2017-08-26,M,6,1
2017-08-27,M,0,7
2017-10-14,E,0,1
2017-10-15,E,6,0
2017-10-15,M,8,0
2017-10-16,E,8,4
2017-10-16,M,7,1
2017-10-17,E,9,4
2017-10-17,M,7,9
2017-10-18,E,1,0
2017-10-18,M,1,3
2017-10-19,E,5,2
2017-10-19,M,5,6
2017-10-20,E,4,3
2017-10-20,M,8,3
2017-10-21,E,8,8
2017-10-21,M,9,1
2017-10-22,E,0,5
2017-10-22,M,5,7
2017-10-23,E,2,6
2017-10-23,M,1,9
2017-10-24,E,2,3
2017-10-24,M,5,5
2017-10-25,E,8,8
2017-10-25,M,6,6
2017-10-26,E,0,5
2017-10-26,M,6,4
2017-10-27,E,8,6
2017-10-27,M,3,6
2017-10-28,E,4,4
2017-10-28,M,0,6
2017-10-29,E,5,5
2017-10-29,M,6,2
2017-10-30,E,2,5
2017-10-30,M,6,0
2017-10-31,E,5,3
2017-10-31,M,0,7
2017-11-01,E,1,9
2017-11-01,M,1,2
2017-11-02,E,0,4
2017-11-02,M,9,5
2017-11-03,E,9,9
2017-11-03,M,5,6
2017-11-04,E,2,4
2017-11-04,M,1,2
2017-11-05,E,8,9
2017-11-05,M,8,7
2017-11-06,E,2,8
2017-11-06,M,7,6
2017-11-07,E,4,5
2017-11-07,M,4,5
2017-11-08,E,2,5
2017-11-08,M,1,1
2017-11-09,E,4,3
2017-11-09,M,5,0
2017-11-10,E,2,3
2017-11-10,M,7,1
2017-11-11,E,9,8
2017-11-11,M,3,0
2017-11-12,E,3,8
2017-11-12,M,4,7
2017-11-13,E,3,7
2017-11-13,M,8,8
2017-11-14,E,6,1
2017-11-14,M,7,9
2018-01-02,E,9,6
2018-01-02,M,7,7
2018-01-03,E,6,5
2018-01-03,M,1,6
2018-01-04,E,8,4
2018-01-04,M,0,0
2018-01-05,E,4,4
2018-01-05,M,8,0
2018-01-06,E,9,7
2018-01-06,M,6,0
2018-01-07,E,2,9
2018-01-07,M,7,5
2018-01-08,E,1,9
2018-01-08,M,5,5
2018-01-09,E,7,7
2018-01-09,M,9,0
2018-01-10,E,6,9
2018-01-10,M,8,5
2018-01-11,E,1,3
2018-01-11,M,3,6
2018-01-12,E,8,3
2018-01-12,M,7,5
2018-01-13,E,0,7
2018-01-13,M,7,4
2018-01-14,E,9,6
2018-01-14,M,0,5
2018-01-15,E,1,4
2018-01-15,M,4,0
2018-01-16,E,4,4
2018-01-16,M,7,7
2018-01-17,E,4,0
2018-01-17,M,0,8
2018-01-18,E,4,1
2018-01-18,M,0,0
2018-01-19,E,1,2
2018-01-19,M,1,7
2018-01-20,E,4,6
2018-01-20,M,0,1
2018-01-21,E,2,7
2018-01-21,M,1,5
2018-01-22,E,0,5
2018-01-22,M,4,9
2018-01-23,E,2,9
2018-01-23,M,9,8
2018-01-24,E,2,1
2018-01-24,M,4,9
2018-01-25,E,3,1
2018-01-25,M,3,0
2018-01-26,E,9,2
2018-01-26,M,2,6
2018-01-27,E,9,5
2018-01-27,M,0,6
2018-01-28,E,8,7
2018-01-28,M,2,3
2018-01-29,E,6,6
2018-01-29,M,9,4
2018-01-30,E,9,6
2018-01-30,M,8,0
2018-01-31,E,3,1
2018-01-31,M,8,3
2018-02-01,E,1,8
2018-02-01,M,5,3
2018-02-02,M,4,4
2018-03-22,E,6,8
2018-03-23,E,4,7
2018-03-23,M,4,8
2018-03-24,E,7,2
2018-03-24,M,5,8
2018-03-25,E,8,1
2018-03-25,M,2,0
2018-03-26,E,6,3
2018-03-26,M,3,5
2018-03-27,E,5,8
2018-03-27,M,7,1
2018-03-28,E,3,8
2018-03-28,M,6,5
2018-03-29,E,4,4
2018-03-29,M,2,8
2018-03-30,E,7,1
2018-03-30,M,7,3
2018-03-31,E,9,7
2018-03-31,M,5,3
2018-04-01,E,4,5
2018-04-01,M,2,0
2018-04-02,E,1,6
2018-04-02,M,8,8
2018-04-03,E,4,8
2018-04-03,M,6,8
2018-04-04,E,1,2
2018-04-04,M,0,9
2018-04-05,E,6,4
2018-04-05,M,8,4
2018-04-06,E,9,8
2018-04-06,M,8,8
2018-04-07,E,8,5
2018-04-07,M,4,6
2018-04-08,E,9,7
2018-04-08,M,4,1
2018-04-09,E,6,3
2018-04-09,M,3,2
2018-04-10,E,3,7
2018-04-10,M,2,9
2018-04-11,E,4,3
2018-04-11,M,9,5
2018-04-12,E,2,9
2018-04-12,M,6,8
2018-04-13,E,7,6
2018-04-13,M,9,8
2018-04-14,E,6,6
2018-04-14,M,8,3
2018-04-15,E,9,0
2018-04-15,M,1,7
2018-04-16,E,8,3
2018-04-16,M,8,2
2018-04-17,E,3,8
2018-04-17,M,2,1
2018-04-18,E,1,1
2018-04-18,M,1,5
2018-04-19,E,7,4
2018-04-19,M,7,3
2018-04-20,E,3,4
2018-04-20,M,9,9
2018-04-21,E,0,5
2018-04-21,M,2,9
2018-04-22,E,6,2
2018-04-22,M,2,2
2018-06-10,E,9,0
2018-06-10,M,0,8
2018-06-11,E,0,6
2018-06-11,M,0,5
2018-06-12,E,9,0
2018-06-12,M,2,3
2018-06-13,E,9,1
2018-06-13,M,2,6
2018-06-14,E,2,0
2018-06-14,M,8,3
2018-06-15,E,4,0
2018-06-15,M,8,9
2018-06-16,E,7,2
2018-06-16,M,8,2
2018-06-17,E,6,6
2018-06-17,M,8,7
2018-06-18,E,8,9
2018-06-18,M,2,4
2018-06-19,E,8,3
2018-06-19,M,0,1
2018-06-20,E,3,0
2018-06-20,M,8,3
2018-06-21,E,4,4
2018-06-21,M,1,1
2018-06-22,E,9,5
2018-06-22,M,1,0
2018-06-23,E,7,8
2018-06-23,M,3,6
2018-06-24,E,8,4
2018-06-24,M,3,4
2018-06-25,E,3,9
2018-06-25,M,8,8
2018-06-26,E,2,0
2018-06-26,M,4,9
2018-06-27,E,1,3
2018-06-27,M,0,3
2018-06-28,E,3,9
2018-06-28,M,7,0
2018-06-29,E,3,0
2018-06-29,M,9,5
2018-06-30,E,3,4
2018-06-30,M,0,3
2018-07-01,E,3,4
2018-07-01,M,0,8
2018-07-02,E,3,9
2018-07-02,M,0,2
2018-07-03,E,9,8
2018-07-03,M,3,0
2018-07-04,E,9,7
2018-07-04,M,3,1
2018-07-05,E,0,6
2018-07-05,M,1,1
2018-07-06,E,2,0
2018-07-06,M,7,8
2018-07-07,E,6,5
2018-07-07,M,6,3
2018-07-08,E,1,8
2018-07-08,M,2,6
2018-07-09,E,5,3
2018-07-09,M,8,0
2018-07-10,E,2,7
2018-07-10,M,8,2
2018-07-11,M,3,9
2018-08-28,E,1,7
2018-08-29,E,4,7
2018-08-29,M,7,4
2018-08-30,E,7,9
2018-08-30,M,0,2
2018-08-31,E,1,5
2018-08-31,M,0,8
2018-09-01,E,9,1
2018-09-01,M,4,1
2018-09-02,E,4,7
2018-09-02,M,0,5
2018-09-03,E,8,5
2018-09-03,M,4,8
2018-09-04,E,9,9
2018-09-04,M,0,2
2018-09-05,E,3,1
2018-09-05,M,4,5
2018-09-06,E,1,5
2018-09-06,M,9,4
2018-09-07,E,7,5
2018-09-07,M,6,3
2018-09-08,E,0,3
2018-09-08,M,5,3
2018-09-09,E,9,1
2018-09-09,M,4,9
2018-09-10,E,4,5
2018-09-10,M,7,8
2018-09-11,E,4,5
2018-09-11,M,4,1
2018-09-12,E,3,0
2018-09-12,M,4,5
2018-09-13,E,9,0
2018-09-13,M,8,5
2018-09-14,E,9,7
2018-09-14,M,2,1
2018-09-15,E,0,2
2018-09-15,M,5,9
2018-09-16,E,3,0
2018-09-16,M,9,8
2018-09-17,E,2,2
2018-09-17,M,6,3
2018-09-18,E,5,2
2018-09-18,M,7,4
2018-09-19,E,1,8
2018-09-19,M,9,6
2018-09-20,E,2,8
2018-09-20,M,7,4
2018-09-21,E,6,7
2018-09-21,M,1,5
2018-09-22,E,4,8
2018-09-22,M,8,8
2018-09-23,E,0,7
2018-09-23,M,0,3
2018-09-24,E,4,1
2018-09-24,M,6,5
2018-09-25,E,5,6
2018-09-25,M,2,8
2018-09-26,E,7,9
2018-09-26,M,6,8
2018-09-27,E,0,8
2018-09-27,M,7,1
2018-09-28,E,7,4
2018-09-28,M,0,3
2018-11-16,E,0,8
2018-11-16,M,8,6
2018-11-17,E,8,3
2018-11-17,M,9,9
2018-11-18,E,5,7
2018-11-18,M,7,4
2018-11-19,E,6,0
2018-11-19,M,6,4
2018-11-20,E,7,2
2018-11-20,M,6,4
2018-11-21,E,8,0
2018-11-21,M,0,3
2018-11-22,E,8,2
2018-11-22,M,5,1
2018-11-23,E,6,5
2018-11-23,M,0,7
2018-11-24,E,6,0
2018-11-24,M,2,4
2018-11-25,E,9,0
2018-11-25,M,8,4
2018-11-26,E,2,9
2018-11-26,M,0,0
2018-11-27,E,5,9
2018-11-27,M,1,4
2018-11-28,E,7,7
2018-11-28,M,3,7
2018-11-29,E,5,9
2018-11-29,M,3,2
2018-11-30,E,6,3
2018-11-30,M,2,1
2018-12-01,E,4,6
2018-12-01,M,1,1
2018-12-02,E,7,3
2018-12-02,M,6,5
2018-12-03,E,1,8
2018-12-03,M,6,7
2018-12-04,E,9,1
2018-12-04,M,7,0
2018-12-05,E,3,7
2018-12-05,M,6,5
2018-12-06,E,1,1
2018-12-06,M,2,4
2018-12-07,E,4,6
2018-12-07,M,0,1
2018-12-08,E,0,8
2018-12-08,M,7,7
2018-12-09,E,5,6
2018-12-09,M,2,8
2018-12-10,E,6,3
2018-12-10,M,7,9
2018-12-11,E,6,8
2018-12-11,M,7,8
2018-12-12,E,7,3
2018-12-12,M,8,0
2018-12-13,E,8,2
2018-12-13,M,0,1
2018-12-14,E,9,0
2018-12-14,M,2,8
2018-12-15,E,2,2
2018-12-15,M,0,3
2018-12-16,E,2,6
2018-12-16,M,2,1
2018-12-17,M,7,2
2019-02-03,E,7,0
2019-02-04,E,7,9
2019-02-04,M,7,2
2019-02-05,E,9,7
2019-02-05,M,7,9
2019-02-06,E,2,0
2019-02-06,M,0,4
2019-02-07,E,1,1
2019-02-07,M,6,1
2019-02-08,E,0,9
2019-02-08,M,8,2
2019-02-09,E,1,7
2019-02-09,M,7,6
2019-02-10,E,1,7
2019-02-10,M,5,7
2019-02-11,E,6,9
2019-02-11,M,8,0
2019-02-12,E,2,7
2019-02-12,M,8,0
2019-02-13,E,1,7
2019-02-13,M,9,6
2019-02-14,E,9,8
2019-02-14,M,2,6
2019-02-15,E,0,9
2019-02-15,M,5,3
2019-02-16,E,4,0
2019-02-16,M,3,1
2019-02-17,E,7,1
2019-02-17,M,3,2
2019-02-18,E,6,4
2019-02-18,M,4,8
2019-02-19,E,2,1
2019-02-19,M,9,8
2019-02-20,E,9,2
2019-02-20,M,1,0
2019-02-21,E,4,0
2019-02-21,M,6,4
2019-02-22,E,0,3
2019-02-22,M,3,7
2019-02-23,E,7,7
2019-02-23,M,7,4
2019-02-24,E,0,0
2019-02-24,M,4,7
2019-02-25,E,3,9
2019-02-25,M,0,8
2019-02-26,E,5,7
2019-02-26,M,7,6
2019-02-27,E,4,7
2019-02-27,M,6,2
2019-02-28,E,6,4
2019-02-28,M,9,4
2019-03-01,E,8,3
2019-03-01,M,8,2
2019-03-02,E,9,9
2019-03-02,M,4,8
2019-03-03,E,9,3
2019-03-03,M,7,7
2019-03-04,E,6,6
2019-03-04,M,5,8
2019-03-05,E,5,7
2019-03-05,M,4,6
2019-03-06,E,0,5
2019-03-06,M,5,4
2019-04-24,E,9,0
2019-04-24,M,5,1
2019-04-25,E,3,5
2019-04-25,M,9,3
2019-04-26,E,1,7
2019-04-26,M,0,9
2019-04-27,E,8,7
2019-04-27,M,6,6
2019-04-28,E,3,5
2019-04-28,M,3,8
2019-04-29,E,8,0
2019-04-29,M,7,3
2019-04-30,E,6,5
2019-04-30,M,8,1
2019-05-01,E,9,6
2019-05-01,M,0,3
2019-05-02,E,4,3
2019-05-02,M,2,2
2019-05-03,E,6,8
2019-05-03,M,4,7
2019-05-04,E,4,4
2019-05-04,M,7,2
2019-05-05,E,8,1
2019-05-05,M,8,9
2019-05-06,E,5,5
2019-05-06,M,6,8
2019-05-07,E,0,6
2019-05-07,M,9,0
2019-05-08,E,0,0
2019-05-08,M,9,4
2019-05-09,E,6,8
2019-05-09,M,4,0
2019-05-10,E,3,9
2019-05-10,M,9,6
2019-05-11,E,0,2
2019-05-11,M,7,3
2019-05-12,E,1,4
2019-05-12,M,2,3
2019-05-13,E,2,1
2019-05-13,M,8,1
2019-05-14,E,7,7
2019-05-14,M,9,8
2019-05-15,E,3,5
2019-05-15,M,2,9
2019-05-16,E,0,6
2019-05-16,M,3,3
2019-05-17,E,6,1
2019-05-17,M,1,8
2019-05-18,E,1,8
2019-05-18,M,0,1
2019-05-19,E,8,9
2019-05-19,M,9,8
2019-05-20,E,8,2
2019-05-20,M,7,5
2019-05-21,E,3,1
2019-05-21,M,0,8
2019-05-22,E,1,5
2019-05-22,M,1,8
2019-05-23,E,0,6
2019-05-23,M,5,7
2019-05-24,E,0,9
2019-05-24,M,0,1
2019-05-25,M,4,7
2019-07-12,E,9,0
2019-07-13,E,7,4
2019-07-13,M,1,2
2019-07-14,E,7,3
2019-07-14,M,6,8
2019-07-15,E,2,1
2019-07-15,M,1,4
2019-07-16,E,7,7
2019-07-16,M,3,7
2019-07-17,E,2,2
2019-07-17,M,8,8
2019-07-18,E,2,7
2019-07-18,M,8,3
2019-07-19,E,2,6
2019-07-19,M,8,1
2019-07-20,E,0,6
2019-07-20,M,2,8
2019-07-21,E,2,6
2019-07-21,M,2,3
2019-07-22,E,1,3
2019-07-22,M,5,9
2019-07-23,E,5,0
2019-07-23,M,4,2
2019-07-24,E,0,1
2019-07-24,M,0,1
2019-07-25,E,5,4
2019-07-25,M,8,5
2019-07-26,E,6,1
2019-07-26,M,5,9
2019-07-27,E,7,7
2019-07-27,M,4,9
2019-07-28,E,6,0
2019-07-28,M,6,6
2019-07-29,E,8,5
2019-07-29,M,1,9
2019-07-30,E,3,7
2019-07-30,M,4,6
2019-07-31,E,2,5
2019-07-31,M,4,4
2019-08-01,E,7,4
2019-08-01,M,9,0
2019-08-02,E,1,6
2019-08-02,M,6,3
2019-08-03,E,7,7
2019-08-03,M,3,1
2019-08-04,E,1,7
2019-08-04,M,2,7
2019-08-05,E,0,5
2019-08-05,M,6,4
2019-08-06,E,3,2
2019-08-06,M,5,0
2019-08-07,E,3,1
2019-08-07,M,6,0
2019-08-08,E,5,0
2019-08-08,M,8,2
2019-08-09,E,4,9
2019-08-09,M,5,3
2019-08-10,E,6,3
2019-08-10,M,9,0
2019-08-11,E,6,0
2019-08-11,M,3,9
2019-08-12,E,6,9
2019-08-12,M,2,3
2019-09-30,E,5,7
2019-09-30,M,2,2
2019-10-01,E,6,4
2019-10-01,M,4,9
2019-10-02,E,8,6
2019-10-02,M,3,2
2019-10-03,E,1,3
2019-10-03,M,3,0
2019-10-04,E,2,4
2019-10-04,M,7,5
2019-10-05,E,5,3
2019-10-05,M,3,3
2019-10-06,E,9,8
2019-10-06,M,0,3
2019-10-07,E,3,6
2019-10-07,M,4,9
2019-10-08,E,0,9
2019-10-08,M,3,2
2019-10-09,E,8,9
2019-10-09,M,6,2
2019-10-10,E,5,2
2019-10-10,M,8,1
2019-10-11,E,4,5
2019-10-11,M,3,4
2019-10-12,E,9,6
2019-10-12,M,0,8
2019-10-13,E,8,5
2019-10-13,M,2,7
2019-10-14,E,8,3
2019-10-14,M,2,1
2019-10-15,E,6,0
2019-10-15,M,0,5
2019-10-16,E,6,1
2019-10-16,M,3,7
2019-10-17,E,4,9
2019-10-17,M,9,9
2019-10-18,E,9,9
2019-10-18,M,3,1
2019-10-19,E,6,5
2019-10-19,M,7,4
2019-10-20,E,4,6
2019-10-20,M,1,3
2019-10-21,E,2,8
2019-10-21,M,6,6
2019-10-22,E,5,7
2019-10-22,M,8,7
2019-10-23,E,6,9
2019-10-23,M,2,9
2019-10-24,E,4,6
2019-10-24,M,7,3
2019-10-25,E,6,4
2019-10-25,M,8,8
2019-10-26,E,0,2
2019-10-26,M,8,0
2019-10-27,E,3,7
2019-10-27,M,9,7
2019-10-28,E,1,3
2019-10-28,M,5,7
2019-10-29,E,1,9
2019-10-29,M,8,1
2019-10-30,E,6,0
2019-10-30,M,4,4
2019-10-31,M,5,4
2019-12-18,E,2,9
2019-12-19,E,7,7
2019-12-19,M,7,2
2019-12-20,E,4,8
2019-12-20,M,1,6
2019-12-21,E,6,3
2019-12-21,M,2,9
2019-12-22,E,7,5
2019-12-22,M,7,0
2019-12-23,E,8,6
2019-12-23,M,6,9
2019-12-24,E,6,6
2019-12-24,M,8,3
2019-12-25,E,0,3
2019-12-25,M,8,7
2019-12-26,E,8,8
2019-12-26,M,4,9
2019-12-27,E,8,9
2019-12-27,M,4,1
2019-12-28,E,4,5
2019-12-28,M,3,9
2019-12-29,E,6,8
2019-12-29,M,1,1
2019-12-30,E,2,5
2019-12-30,M,1,6
2019-12-31,E,3,8
2019-12-31,M,6,7
2020-01-01,E,4,4
2020-01-01,M,0,6
2020-01-02,E,5,9
2020-01-02,M,5,8
2020-01-03,E,7,1
2020-01-03,M,3,9
2020-01-04,E,6,5
2020-01-04,M,3,0
2020-01-05,E,9,7
2020-01-05,M,6,5
2020-01-06,E,5,2
2020-01-06,M,6,2
2020-01-07,E,8,3
2020-01-07,M,9,7
2020-01-08,E,5,1
2020-01-08,M,9,6
2020-01-09,E,4,9
2020-01-09,M,8,7
2020-01-10,E,1,5
2020-01-10,M,7,8
2020-01-11,E,7,8
2020-01-11,M,3,6
2020-01-12,E,3,1
2020-01-12,M,2,5
2020-01-13,E,6,2
2020-01-13,M,2,9
2020-01-14,E,3,5
2020-01-14,M,0,0
2020-01-15,E,5,3
2020-01-15,M,7,7
2020-01-16,E,6,9
2020-01-16,M,9,7
2020-01-17,E,4,4
2020-01-17,M,3,3
2020-01-18,E,8,1
2020-01-18,M,2,4
2020-03-07,E,8,5
2020-03-07,M,3,9
2020-03-08,E,5,8
2020-03-08,M,8,4
2020-03-09,E,6,1
2020-03-09,M,5,8
2020-03-10,E,8,7
2020-03-10,M,1,2
2020-03-11,E,0,6
2020-03-11,M,2,8
2020-03-12,E,9,0
2020-03-12,M,7,0
2020-03-13,E,3,2
2020-03-13,M,6,3
2020-03-14,E,6,5
2020-03-14,M,0,3
2020-03-15,E,9,5
2020-03-15,M,8,7
2020-03-16,E,1,3
2020-03-16,M,1,9
2020-03-17,E,6,2
2020-03-17,M,9,3
2020-03-18,E,9,0
2020-03-18,M,4,7
2020-03-19,E,6,6
2020-03-19,M,1,5
2020-03-20,E,8,7
2020-03-20,M,0,1
2020-03-21,E,6,5
2020-03-21,M,2,8
2020-03-22,E,2,0
2020-03-22,M,8,1
2020-03-23,E,1,7
2020-03-23,M,7,7
2020-03-24,E,3,0
2020-03-24,M,0,6
2020-03-25,E,0,5
2020-03-25,M,4,8
2020-03-26,E,5,0
2020-03-26,M,1,9
2020-03-27,E,0,6
2020-03-27,M,2,9
2020-03-28,E,4,4
2020-03-28,M,3,2
2020-03-29,E,6,2
2020-03-29,M,7,2
2020-03-30,E,6,0
2020-03-30,M,7,4
2020-03-31,E,2,1
2020-03-31,M,0,4
2020-04-01,E,6,4
2020-04-01,M,7,8
2020-04-02,E,6,2
2020-04-02,M,7,1
2020-04-03,E,0,7
2020-04-03,M,4,4
2020-04-04,E,9,5
2020-04-04,M,6,5
2020-04-05,E,1,9
2020-04-05,M,2,5
2020-04-06,E,5,4
2020-04-06,M,4,9
2020-04-07,M,0,6
2020-05-25,E,7,5
2020-05-26,E,1,1
2020-05-26,M,9,4
2020-05-27,E,5,8
2020-05-27,M,2,0
2020-05-28,E,6,1
2020-05-28,M,1,2
2020-05-29,E,8,6
2020-05-29,M,1,3
2020-05-30,E,1,2
2020-05-30,M,1,2
2020-05-31,E,2,8
2020-05-31,M,0,9
2020-06-01,E,5,9
2020-06-01,M,0,6
2020-06-02,E,8,4
2020-06-02,M,4,0
2020-06-03,E,0,1
2020-06-03,M,7,9
2020-06-04,E,7,3
2020-06-04,M,1,2
2020-06-05,E,3,3
2020-06-05,M,7,1
2020-06-06,E,7,1
2020-06-06,M,0,3
2020-06-07,E,3,6
2020-06-07,M,8,1
2020-06-08,E,7,1
2020-06-08,M,8,6
2020-06-09,E,1,8
2020-06-09,M,3,8
2020-06-10,E,6,4
2020-06-10,M,6,4
2020-06-11,E,3,8
2020-06-11,M,7,2
2020-06-12,E,5,4
2020-06-12,M,9,1
2020-06-13,E,5,3
2020-06-13,M,8,6
2020-06-14,E,2,7
2020-06-14,M,8,6
2020-06-15,E,5,1
2020-06-15,M,7,6
2020-06-16,E,2,1
2020-06-16,M,5,8
2020-06-17,E,4,9
2020-06-17,M,0,5
2020-06-18,E,5,2
2020-06-18,M,1,9
2020-06-19,E,5,3
2020-06-19,M,9,3
2020-06-20,E,4,3
2020-06-20,M,7,0
2020-06-21,E,0,3
2020-06-21,M,3,5
2020-06-22,E,0,3
2020-06-22,M,9,7
2020-06-23,E,8,1
2020-06-23,M,5,5
2020-06-24,E,6,4
2020-06-24,M,3,4
2020-06-25,E,7,7
2020-06-25,M,0,8
2020-08-13,E,9,9
2020-08-13,M,5,9
2020-08-14,E,9,7
2020-08-14,M,0,8
2020-08-15,E,1,8
2020-08-15,M,2,7
2020-08-16,E,0,6
2020-08-16,M,2,1
2020-08-17,E,3,3
2020-08-17,M,1,8
2020-08-18,E,0,5
2020-08-18,M,2,0
2020-08-19,E,7,5
2020-08-19,M,9,5
2020-08-20,E,3,4
2020-08-20,M,0,6
2020-08-21,E,4,2
2020-08-21,M,4,3
2020-08-22,E,5,8
2020-08-22,M,0,4
2020-08-23,E,2,9
2020-08-23,M,5,3
2020-08-24,E,5,4
2020-08-24,M,0,9
2020-08-25,E,1,8
2020-08-25,M,4,4
2020-08-26,E,0,3
2020-08-26,M,2,2
2020-08-27,E,1,0
2020-08-27,M,5,2
2020-08-28,E,0,5
2020-08-28,M,9,9
2020-08-29,E,4,2
2020-08-29,M,6,1
2020-08-30,E,4,1
2020-08-30,M,5,3
2020-08-31,E,4,2
2020-08-31,M,4,9
2020-09-01,E,6,6
2020-09-01,M,2,2
2020-09-02,E,3,5
2020-09-02,M,3,5
2020-09-03,E,7,6
2020-09-03,M,7,6
2020-09-04,E,4,5
2020-09-04,M,2,8
2020-09-05,E,9,3
2020-09-05,M,8,6
2020-09-06,E,5,8
2020-09-06,M,1,1
2020-09-07,E,5,7
2020-09-07,M,3,6
2020-09-08,E,2,9
2020-09-08,M,4,5
2020-09-09,E,1,2
2020-09-09,M,6,2
2020-09-10,E,3,2
2020-09-10,M,3,6
2020-09-11,E,9,8
2020-09-11,M,8,3
2020-09-12,E,3,2
2020-09-12,M,9,6
2020-09-13,M,8,1
2020-10-31,E,3,8
2020-11-01,E,5,6
2020-11-01,M,7,2
2020-11-02,E,8,6
2020-11-02,M,4,0
2020-11-03,E,6,9
2020-11-03,M,8,1
2020-11-04,E,5,0
2020-11-04,M,0,8
2020-11-05,E,4,6
2020-11-05,M,1,1
2020-11-06,E,0,1
2020-11-06,M,7,7
2020-11-07,E,6,4
2020-11-07,M,1,7
2020-11-08,E,0,1
2020-11-08,M,1,7
2020-11-09,E,4,4
2020-11-09,M,6,4
2020-11-10,E,9,0
2020-11-10,M,1,7
2020-11-11,E,3,3
2020-11-11,M,2,0
2020-11-12,E,3,6
2020-11-12,M,5,2
2020-11-13,E,7,2
2020-11-13,M,9,7
2020-11-14,E,3,5
2020-11-14,M,8,3
2020-11-15,E,3,1
2020-11-15,M,6,5
2020-11-16,E,7,3
2020-11-16,M,8,0
2020-11-17,E,0,8
2020-11-17,M,7,9
2020-11-18,E,0,9
2020-11-18,M,6,6
2020-11-19,E,8,9
2020-11-19,M,8,8
2020-11-20,E,4,8
2020-11-20,M,4,2
2020-11-21,E,0,8
2020-11-21,M,3,4
2020-11-22,E,3,9
2020-11-22,M,6,7
2020-11-23,E,1,0
2020-11-23,M,9,1
2020-11-24,E,6,0
2020-11-24,M,1,7
2020-11-25,E,8,7
2020-11-25,M,5,1
2020-11-26,E,1,6
2020-11-26,M,6,6
2020-11-27,E,6,3
2020-11-27,M,6,7
2020-11-28,E,8,6
2020-11-28,M,5,7
2020-11-29,E,6,1
2020-11-29,M,4,9
2020-11-30,E,9,4
2020-11-30,M,6,1
2020-12-01,E,5,4
2020-12-01,M,7,2
2021-01-19,E,9,9
2021-01-19,M,4,7
2021-01-20,E,8,2
2021-01-20,M,2,4
2021-01-21,E,1,9
2021-01-21,M,6,3
2021-01-22,E,2,8
2021-01-22,M,6,0
2021-01-23,E,7,7
2021-01-23,M,6,2
2021-01-24,E,9,8
2021-01-24,M,7,4
2021-01-25,E,8,0
2021-01-25,M,2,6
2021-01-26,E,6,3
2021-01-26,M,7,7
2021-01-27,E,4,1
2021-01-27,M,2,8
2021-01-28,E,2,6
2021-01-28,M,8,3
2021-01-29,E,8,9
2021-01-29,M,1,4
2021-01-30,E,7,6
2021-01-30,M,4,1
2021-01-31,E,8,6
2021-01-31,M,9,6
2021-02-01,E,9,6
2021-02-01,M,8,7
2021-02-02,E,2,6
2021-02-02,M,7,3
2021-02-03,E,4,2
2021-02-03,M,3,7
2021-02-04,E,1,8
2021-02-04,M,9,2
2021-02-05,E,9,1
2021-02-05,M,8,4
2021-02-06,E,5,8
2021-02-06,M,1,0
2021-02-07,E,1,1
2021-02-07,M,5,1
2021-02-08,E,9,0
2021-02-08,M,1,0
2021-02-09,E,3,0
2021-02-09,M,1,5
2021-02-10,E,1,4
2021-02-10,M,6,9
2021-02-11,E,4,9
2021-02-11,M,3,5
2021-02-12,E,1,7
2021-02-12,M,3,1
2021-02-13,E,6,6
2021-02-13,M,6,7
2021-02-14,E,4,0
2021-02-14,M,3,4
2021-02-15,E,5,6
2021-02-15,M,6,3
2021-02-16,E,0,0
2021-02-16,M,0,8
2021-02-17,E,8,9
2021-02-17,M,5,0
2021-02-18,E,5,7
2021-02-18,M,2,7
2021-02-19,M,7,8
2021-04-08,E,1,1
2021-04-09,E,8,0
2021-04-09,M,5,2
2021-04-10,E,8,5
2021-04-10,M,2,0
2021-04-11,E,5,8
2021-04-11,M,2,1
2021-04-12,E,2,6
2021-04-12,M,5,8
2021-04-13,E,0,6
2021-04-13,M,1,6
2021-04-14,E,6,6
2021-04-14,M,4,5
2021-04-15,E,5,2
2021-04-15,M,3,1
2021-04-16,E,1,7
2021-04-16,M,2,7
2021-04-17,E,7,4
2021-04-17,M,1,9
2021-04-18,E,1,0
2021-04-18,M,6,9
2021-04-19,E,1,5
2021-04-19,M,1,7
2021-04-20,E,3,5
2021-04-20,M,4,3
2021-04-21,E,2,3
2021-04-21,M,3,5
2021-04-22,E,6,0
2021-04-22,M,5,6
2021-04-23,E,8,8
2021-04-23,M,2,0
2021-04-24,E,9,2
2021-04-24,M,5,2
2021-04-25,E,6,4
2021-04-25,M,4,0
2021-04-26,E,6,5
2021-04-26,M,7,6
2021-04-27,E,6,0
2021-04-27,M,3,0
2021-04-28,E,3,8
2021-04-28,M,4,8
2021-04-29,E,0,9
2021-04-29,M,8,1
2021-04-30,E,4,4
2021-04-30,M,0,7
2021-05-01,E,0,8
2021-05-01,M,7,0
2021-05-02,E,1,2
2021-05-02,M,0,2
2021-05-03,E,2,1
2021-05-03,M,4,9
2021-05-04,E,8,8
2021-05-04,M,1,7
2021-05-05,E,2,2
2021-05-05,M,8,8
2021-05-06,E,6,6
2021-05-06,M,2,5
2021-05-07,E,1,7
2021-05-07,M,3,8
2021-05-08,E,0,2
2021-05-08,M,0,1
2021-05-09,E,7,7
2021-05-09,M,5,4
2021-06-27,E,5,2
2021-06-27,M,4,3
2021-06-28,E,7,2
2021-06-28,M,5,0
2021-06-29,E,0,5
2021-06-29,M,0,6
2021-06-30,E,4,8
2021-06-30,M,5,5
2021-07-01,E,3,6
2021-07-01,M,8,0
2021-07-02,E,2,2
2021-07-02,M,6,4
2021-07-03,E,1,3
2021-07-03,M,0,2
2021-07-04,E,3,8
2021-07-04,M,7,1
2021-07-05,E,5,5
2021-07-05,M,8,5
2021-07-06,E,2,4
2021-07-06,M,8,7
2021-07-07,E,0,2
2021-07-07,M,9,2
2021-07-08,E,6,5
2021-07-08,M,3,2
2021-07-09,E,9,4
2021-07-09,M,3,3
2021-07-10,E,0,2
2021-07-10,M,6,0
2021-07-11,E,9,8
2021-07-11,M,3,0
2021-07-12,E,7,4
2021-07-12,M,5,9
2021-07-13,E,5,7
2021-07-13,M,6,7
2021-07-14,E,0,2
2021-07-14,M,9,8
2021-07-15,E,3,0
2021-07-15,M,4,6
2021-07-16,E,1,8
2021-07-16,M,2,5
2021-07-17,E,3,5
2021-07-17,M,6,0
2021-07-18,E,4,2
2021-07-18,M,1,4
2021-07-19,E,1,4
2021-07-19,M,8,3
2021-07-20,E,0,0
2021-07-20,M,1,3
2021-07-21,E,4,1
2021-07-21,M,5,8
2021-07-22,E,3,8
2021-07-22,M,4,2
2021-07-23,E,9,0
2021-07-23,M,5,0
2021-07-24,E,6,0
2021-07-24,M,7,9
2021-07-25,E,1,6
2021-07-25,M,2,2
2021-07-26,E,7,0
2021-07-26,M,5,2
2021-07-27,E,9,6
2021-07-27,M,0,1
2021-07-28,M,8,7
2021-09-14,E,7,0
2021-09-15,E,2,6
2021-09-15,M,4,9
2021-09-16,E,4,3
2021-09-16,M,5,6
2021-09-17,E,7,6
2021-09-17,M,7,4
2021-09-18,E,2,0
2021-09-18,M,0,5
2021-09-19,E,8,6
2021-09-19,M,1,3
2021-09-20,E,5,7
2021-09-20,M,7,1
2021-09-21,E,0,2
2021-09-21,M,6,5
2021-09-22,E,5,3
2021-09-22,M,2,6
2021-09-23,E,0,7
2021-09-23,M,2,0
2021-09-24,E,7,9
2021-09-24,M,1,4
2021-09-25,E,9,7
2021-09-25,M,8,9
2021-09-26,E,3,9
2021-09-26,M,0,3
2021-09-27,E,4,8
2021-09-27,M,5,7
2021-09-28,E,3,3
2021-09-28,M,7,1
2021-09-29,E,2,1
2021-09-29,M,8,3
2021-09-30,E,7,4
2021-09-30,M,8,3
2021-10-01,E,8,2
2021-10-01,M,6,0
2021-10-02,E,4,3
2021-10-02,M,7,0
2021-10-03,E,2,3
2021-10-03,M,6,2
2021-10-04,E,3,8
2021-10-04,M,8,3
2021-10-05,E,2,3
2021-10-05,M,3,1
2021-10-06,E,8,9
2021-10-06,M,6,5
2021-10-07,E,6,2
2021-10-07,M,8,0
2021-10-08,E,2,5
2021-10-08,M,2,7
2021-10-09,E,4,9
2021-10-09,M,6,5
2021-10-10,E,4,2
2021-10-10,M,1,2
2021-10-11,E,2,7
2021-10-11,M,0,6
2021-10-12,E,9,7
2021-10-12,M,7,1
2021-10-13,E,9,9
2021-10-13,M,4,8
2021-10-14,E,3,1
2021-10-14,M,9,9
2021-10-15,E,7,3
2021-10-15,M,7,9
2021-12-03,E,4,0
2021-12-03,M,0,7
2021-12-04,E,2,6
2021-12-04,M,5,5
2021-12-05,E,0,5
2021-12-05,M,5,2
2021-12-06,E,4,1
2021-12-06,M,4,6
2021-12-07,E,8,6
2021-12-07,M,5,4
2021-12-08,E,5,8
2021-12-08,M,1,1
2021-12-09,E,5,9
2021-12-09,M,1,3
2021-12-10,E,8,0
2021-12-10,M,3,4
2021-12-11,E,7,4
2021-12-11,M,7,9
2021-12-12,E,1,2
2021-12-12,M,9,5
2021-12-13,E,9,3
2021-12-13,M,8,1
2021-12-14,E,8,0
2021-12-14,M,2,7
2021-12-15,E,4,9
2021-12-15,M,7,6
2021-12-16,E,8,5
2021-12-16,M,3,1
2021-12-17,E,7,9
2021-12-17,M,7,2
2021-12-18,E,0,8
2021-12-18,M,0,5
2021-12-19,E,3,5
2021-12-19,M,3,7
2021-12-20,E,7,6
2021-12-20,M,5,8
2021-12-21,E,6,0
2021-12-21,M,3,5
2021-12-22,E,1,6
2021-12-22,M,9,1
2021-12-23,E,1,2
2021-12-23,M,0,0
2021-12-24,E,4,0
2021-12-24,M,8,9
2021-12-25,E,8,6
2021-12-25,M,6,6
2021-12-26,E,3,1
2021-12-26,M,7,1
2021-12-27,E,4,7
2021-12-27,M,8,1
2021-12-28,E,6,7
2021-12-28,M,1,9
2021-12-29,E,7,5
2021-12-29,M,4,6
2021-12-30,E,8,8
2021-12-30,M,2,9
2021-12-31,E,1,1
2021-12-31,M,0,2
2022-01-01,E,4,7
2022-01-01,M,8,6
2022-01-02,E,1,5
2022-01-02,M,8,9
2022-01-03,M,2,9
2022-02-20,E,7,2
2022-02-21,E,6,4
2022-02-21,M,3,6
2022-02-22,E,7,3
2022-02-22,M,5,0
2022-02-23,E,4,1
2022-02-23,M,6,9
2022-02-24,E,0,9
2022-02-24,M,4,8
2022-02-25,E,2,5
2022-02-25,M,7,9
2022-02-26,E,5,1
2022-02-26,M,6,4
2022-02-27,E,5,1
2022-02-27,M,7,7
2022-02-28,E,8,6
2022-02-28,M,9,0
2022-03-01,E,6,6
2022-03-01,M,8,0
2022-03-02,E,3,0
2022-03-02,M,9,0
2022-03-03,E,5,0
2022-03-03,M,6,5
2022-03-04,E,5,4
2022-03-04,M,5,7
2022-03-05,E,7,0
2022-03-05,M,1,4
2022-03-06,E,7,1
2022-03-06,M,3,0
2022-03-07,E,3,3
2022-03-07,M,1,2
2022-03-08,E,5,9
2022-03-08,M,0,9
2022-03-09,E,1,3
2022-03-09,M,8,8
2022-03-10,E,3,4
2022-03-10,M,0,1
2022-03-11,E,4,7
2022-03-11,M,7,8
2022-03-12,E,8,4
2022-03-12,M,7,3
2022-03-13,E,3,6
2022-03-13,M,7,1
2022-03-14,E,9,2
2022-03-14,M,4,8
2022-03-15,E,9,2
2022-03-15,M,6,1
2022-03-16,E,7,4
2022-03-16,M,2,2
2022-03-17,E,6,2
2022-03-17,M,0,2
2022-03-18,E,5,0
2022-03-18,M,7,6
2022-03-19,E,3,3
2022-03-19,M,4,7
2022-03-20,E,9,4
2022-03-20,M,2,2
2022-03-21,E,6,8
2022-03-21,M,6,1
2022-03-22,E,4,9
2022-03-22,M,5,6
2022-03-23,E,1,6
2022-03-23,M,6,0
2022-05-11,E,0,7
2022-05-11,M,8,1
2022-05-12,E,4,4
2022-05-12,M,8,7
2022-05-13,E,6,9
2022-05-13,M,2,4
2022-05-14,E,7,0
2022-05-14,M,8,0
2022-05-15,E,3,7
2022-05-15,M,5,2
2022-05-16,E,9,9
2022-05-16,M,3,2
2022-05-17,E,4,7
2022-05-17,M,2,8
2022-05-18,E,9,0
2022-05-18,M,8,6
2022-05-19,E,0,6
2022-05-19,M,3,7
2022-05-20,E,2,5
2022-05-20,M,4,1
2022-05-21,E,0,3
2022-05-21,M,7,5
2022-05-22,E,0,0
2022-05-22,M,3,7
2022-05-23,E,0,0
2022-05-23,M,5,0
2022-05-24,E,2,8
2022-05-24,M,5,6
2022-05-25,E,6,0
2022-05-25,M,0,7
2022-05-26,E,2,9
2022-05-26,M,4,6
2022-05-27,E,6,7
2022-05-27,M,8,8
2022-05-28,E,8,6
2022-05-28,M,8,5
2022-05-29,E,6,8
2022-05-29,M,2,7
2022-05-30,E,7,6
2022-05-30,M,9,1
2022-05-31,E,2,1
2022-05-31,M,2,8
2022-06-01,E,1,8
2022-06-01,M,1,7
2022-06-02,E,9,3
2022-06-02,M,0,1
2022-06-03,E,5,0
2022-06-03,M,6,8
2022-06-04,E,1,3
2022-06-04,M,7,5
2022-06-05,E,9,2
2022-06-05,M,2,5
2022-06-06,E,6,4
2022-06-06,M,1,3
2022-06-07,E,3,2
2022-06-07,M,5,4
2022-06-08,E,4,4
2022-06-08,M,4,8
2022-06-09,E,2,3
2022-06-09,M,6,0
2022-06-10,E,6,5
2022-06-10,M,0,2
2022-06-11,M,9,7
2022-07-29,E,3,5
2022-07-30,E,8,6
2022-07-30,M,0,7
2022-07-31,E,2,4
2022-07-31,M,4,8
2022-08-01,E,2,1
2022-08-01,M,1,8
2022-08-02,E,2,8
2022-08-02,M,5,7
2022-08-03,E,6,5
2022-08-03,M,6,1
2022-08-04,E,9,1
2022-08-04,M,4,7
2022-08-05,E,1,0
2022-08-05,M,8,5
2022-08-06,E,2,5
2022-08-06,M,4,0
2022-08-07,E,6,4
2022-08-07,M,1,0
2022-08-08,E,2,8
2022-08-08,M,2,6
2022-08-09,E,9,9
2022-08-09,M,7,8
2022-08-10,E,1,8
2022-08-10,M,3,9
2022-08-11,E,4,7
2022-08-11,M,3,5
2022-08-12,E,2,5
2022-08-12,M,5,6
2022-08-13,E,9,6
2022-08-13,M,7,8
2022-08-14,E,1,8
2022-08-14,M,6,5
2022-08-15,E,6,0
2022-08-15,M,8,1
2022-08-16,E,6,7
2022-08-16,M,6,6
2022-08-17,E,9,8
2022-08-17,M,9,1
2022-08-18,E,4,5
2022-08-18,M,2,6
2022-08-19,E,5,8
2022-08-19,M,5,7
2022-08-20,E,3,3
2022-08-20,M,2,8
2022-08-21,E,1,8
2022-08-21,M,0,1
2022-08-22,E,3,6
2022-08-22,M,9,1
2022-08-23,E,9,5
2022-08-23,M,1,3
2022-08-24,E,1,5
2022-08-24,M,8,6
2022-08-25,E,0,5
2022-08-25,M,5,9
2022-08-26,E,0,8
2022-08-26,M,6,8
2022-08-27,E,3,9
2022-08-27,M,6,3
2022-08-28,E,6,3
2022-08-28,M,6,3
2022-08-29,E,9,9
2022-08-29,M,1,7
2022-10-17,E,1,7
2022-10-17,M,0,2
2022-10-18,E,7,3
2022-10-18,M,8,3
2022-10-19,E,5,6
2022-10-19,M,8,6
2022-10-20,E,2,5
2022-10-20,M,7,2
2022-10-21,E,1,0
2022-10-21,M,6,5
2022-10-22,E,7,7
2022-10-22,M,4,8
2022-10-23,E,7,5
2022-10-23,M,9,2
2022-10-24,E,7,7
2022-10-24,M,8,1
2022-10-25,E,2,6
2022-10-25,M,2,7
2022-10-26,E,0,1
2022-10-26,M,3,0
2022-10-27,E,3,9
2022-10-27,M,7,4
2022-10-28,E,3,7
2022-10-28,M,2,0
2022-10-29,E,2,7
2022-10-29,M,3,0
2022-10-30,E,2,8
2022-10-30,M,3,7
2022-10-31,E,8,3
2022-10-31,M,6,0
2022-11-01,E,4,4
2022-11-01,M,4,4
2022-11-02,E,4,7
2022-11-02,M,8,7
2022-11-03,E,1,0
2022-11-03,M,8,3
2022-11-04,E,1,5
2022-11-04,M,0,4
2022-11-05,E,3,5
2022-11-05,M,1,8
2022-11-06,E,0,5
2022-11-06,M,3,0
2022-11-07,E,6,2
2022-11-07,M,3,4
2022-11-08,E,8,3
2022-11-08,M,2,5
2022-11-09,E,5,7
2022-11-09,M,0,3
2022-11-10,E,7,2
2022-11-10,M,4,9
2022-11-11,E,5,8
2022-11-11,M,0,9
2022-11-12,E,2,5
2022-11-12,M,6,0
2022-11-13,E,0,7
2022-11-13,M,6,0
2022-11-14,E,9,0
2022-11-14,M,0,5
2022-11-15,E,6,9
2022-11-15,M,8,5
2022-11-16,E,2,7
2022-11-16,M,2,1
2022-11-17,M,4,9
2023-01-04,E,0,8
2023-01-05,E,9,9
2023-01-05,M,5,1
2023-01-06,E,5,6
2023-01-06,M,9,8
2023-01-07,E,7,7
2023-01-07,M,1,1
2023-01-08,E,5,5
2023-01-08,M,9,4
2023-01-09,E,9,5
2023-01-09,M,8,0
2023-01-10,E,4,3
2023-01-10,M,3,2
2023-01-11,E,1,2
2023-01-11,M,7,3
2023-01-12,E,0,1
2023-01-12,M,3,7
2023-01-13,E,3,4
2023-01-13,M,5,8
2023-01-14,E,7,2
2023-01-14,M,6,5
2023-01-15,E,6,5
2023-01-15,M,2,0
2023-01-16,E,0,9
2023-01-16,M,4,6
2023-01-17,E,6,5
2023-01-17,M,9,8
2023-01-18,E,2,6
2023-01-18,M,7,3
2023-01-19,E,0,9
2023-01-19,M,8,0
2023-01-20,E,5,5
2023-01-20,M,4,0
2023-01-21,E,1,4
2023-01-21,M,1,7
2023-01-22,E,3,5
2023-01-22,M,2,1
2023-01-23,E,1,6
2023-01-23,M,6,9
2023-01-24,E,0,4
2023-01-24,M,3,6
2023-01-25,E,2,8
2023-01-25,M,9,7
2023-01-26,E,9,7
2023-01-26,M,0,3
2023-01-27,E,0,6
2023-01-27,M,2,0
2023-01-28,E,5,0
2023-01-28,M,1,3
2023-01-29,E,6,1
2023-01-29,M,6,9
2023-01-30,E,8,3
2023-01-30,M,9,8
2023-01-31,E,7,2
2023-01-31,M,6,8
2023-02-01,E,3,6
2023-02-01,M,8,5
2023-02-02,E,8,3
2023-02-02,M,5,8
2023-02-03,E,7,0
2023-02-03,M,1,9
2023-02-04,E,7,1
2023-02-04,M,3,5
2023-03-25,E,6,5
2023-03-25,M,0,6
2023-03-26,E,8,1
2023-03-26,M,3,4
2023-03-27,E,4,9
2023-03-27,M,0,8
2023-03-28,E,1,4
2023-03-28,M,1,2
2023-03-29,E,7,0
2023-03-29,M,3,5
2023-03-30,E,0,8
2023-03-30,M,5,4
2023-03-31,E,0,8
2023-03-31,M,0,7
2023-04-01,E,0,0
2023-04-01,M,6,2
2023-04-02,E,0,4
2023-04-02,M,3,7
2023-04-03,E,2,4
2023-04-03,M,8,0
2023-04-04,E,2,2
2023-04-04,M,9,0
2023-04-05,E,9,8
2023-04-05,M,4,7
2023-04-06,E,5,7
2023-04-06,M,2,1
2023-04-07,E,2,2
2023-04-07,M,7,0
2023-04-08,E,7,3
2023-04-08,M,5,2
2023-04-09,E,8,8
2023-04-09,M,2,1
2023-04-10,E,1,9
2023-04-10,M,0,7
2023-04-11,E,4,6
2023-04-11,M,3,9
2023-04-12,E,5,7
2023-04-12,M,7,6
2023-04-13,E,8,5
2023-04-13,M,9,7
2023-04-14,E,4,0
2023-04-14,M,7,2
2023-04-15,E,7,8
2023-04-15,M,1,9
2023-04-16,E,0,3
2023-04-16,M,4,2
2023-04-17,E,4,3
2023-04-17,M,0,7
2023-04-18,E,0,9
2023-04-18,M,4,3
2023-04-19,E,2,1
2023-04-19,M,9,9
2023-04-20,E,7,9
2023-04-20,M,4,3
2023-04-21,E,6,0
2023-04-21,M,7,1
2023-04-22,E,8,1
2023-04-22,M,0,4
2023-04-23,E,3,1
2023-04-23,M,9,9
2023-04-24,E,9,4
2023-04-24,M,9,8
2023-04-25,M,0,6
2023-06-12,E,7,3
2023-06-13,E,6,4
2023-06-13,M,3,6
2023-06-14,E,3,9
2023-06-14,M,1,4
2023-06-15,E,2,5
2023-06-15,M,1,5
2023-06-16,E,4,3
2023-06-16,M,2,7
2023-06-17,E,4,6
2023-06-17,M,4,8
2023-06-18,E,4,6
2023-06-18,M,1,6
2023-06-19,E,9,6
2023-06-19,M,2,5
2023-06-20,E,6,0
2023-06-20,M,1,5
2023-06-21,E,7,2
2023-06-21,M,3,5
2023-06-22,E,8,2
2023-06-22,M,1,9
2023-06-23,E,1,0
2023-06-23,M,7,1
2023-06-24,E,4,5
2023-06-24,M,9,3
2023-06-25,E,6,6
2023-06-25,M,9,1
2023-06-26,E,1,2
2023-06-26,M,1,8
2023-06-27,E,5,8
2023-06-27,M,2,3
2023-06-28,E,1,9
2023-06-28,M,3,4
2023-06-29,E,2,6
2023-06-29,M,2,1
2023-06-30,E,8,8
2023-06-30,M,6,7
2023-07-01,E,1,5
2023-07-01,M,9,8
2023-07-02,E,5,8
2023-07-02,M,5,8
2023-07-03,E,6,9
2023-07-03,M,8,1
2023-07-04,E,3,0
2023-07-04,M,6,0
2023-07-05,E,2,0
2023-07-05,M,4,4
2023-07-06,E,6,4
2023-07-06,M,6,4
2023-07-07,E,9,1
2023-07-07,M,7,4
2023-07-08,E,3,0
2023-07-08,M,9,9
2023-07-09,E,8,2
2023-07-09,M,5,1
2023-07-10,E,3,0
2023-07-10,M,4,5
2023-07-11,E,6,2
2023-07-11,M,8,7
2023-07-12,E,8,0
2023-07-12,M,6,3
2023-07-13,E,0,4
2023-07-13,M,9,8
2023-08-31,E,9,5
2023-08-31,M,4,7
2023-09-01,E,7,9
2023-09-01,M,4,8
2023-09-02,E,7,6
2023-09-02,M,4,1
2023-09-03,E,1,0
2023-09-03,M,6,9
2023-09-04,E,8,0
2023-09-04,M,3,7
2023-09-05,E,2,0
2023-09-05,M,3,3
2023-09-06,E,0,0
2023-09-06,M,3,0
2023-09-07,E,4,2
2023-09-07,M,1,6
2023-09-08,E,7,3
2023-09-08,M,8,6
2023-09-09,E,3,1
2023-09-09,M,4,3
2023-09-10,E,2,1
2023-09-10,M,0,6
2023-09-11,E,4,8
2023-09-11,M,3,0
2023-09-12,E,3,4
2023-09-12,M,1,8
2023-09-13,E,0,5
2023-09-13,M,4,0
2023-09-14,E,3,5
2023-09-14,M,8,2
2023-09-15,E,3,0
2023-09-15,M,8,4
2023-09-16,E,1,6
2023-09-16,M,3,5
2023-09-17,E,1,8
2023-09-17,M,0,1
2023-09-18,E,2,4
2023-09-18,M,6,0
2023-09-19,E,3,5
2023-09-19,M,0,0
2023-09-20,E,5,0
2023-09-20,M,8,8
2023-09-21,E,2,2
2023-09-21,M,0,4
2023-09-22,E,7,0
2023-09-22,M,5,9
2023-09-23,E,2,0
2023-09-23,M,1,8
2023-09-24,E,1,7
2023-09-24,M,5,0
2023-09-25,E,9,7
2023-09-25,M,5,8
2023-09-26,E,5,2
2023-09-26,M,1,4
2023-09-27,E,3,1
2023-09-27,M,9,7
2023-09-28,E,8,9
2023-09-28,M,1,4
2023-09-29,E,3,8
2023-09-29,M,7,5
2023-09-30,E,6,3
2023-09-30,M,8,9
2023-10-01,M,7,0
2023-11-18,E,5,4
2023-11-19,E,3,8
2023-11-19,M,0,7
2023-11-20,E,6,2
2023-11-20,M,4,1
2023-11-21,E,1,5
2023-11-21,M,3,4
2023-11-22,E,3,7
2023-11-22,M,6,6
2023-11-23,E,4,9
2023-11-23,M,7,3
2023-11-24,E,4,4
2023-11-24,M,6,9
2023-11-25,E,0,5
2023-11-25,M,2,1
2023-11-26,E,5,8
2023-11-26,M,0,2
2023-11-27,E,6,3
2023-11-27,M,6,6
2023-11-28,E,8,3
2023-11-28,M,9,7
2023-11-29,E,0,2
2023-11-29,M,3,7
2023-11-30,E,6,7
2023-11-30,M,7,6
2023-12-01,E,7,4
2023-12-01,M,3,4
2023-12-02,E,4,5
2023-12-02,M,8,1
2023-12-03,E,0,2
2023-12-03,M,1,1
2023-12-04,E,9,7
2023-12-04,M,0,5
2023-12-05,E,0,4
2023-12-05,M,5,8
2023-12-06,E,2,0
2023-12-06,M,2,7
2023-12-07,E,3,0
2023-12-07,M,6,0
2023-12-08,E,2,2
2023-12-08,M,9,4
2023-12-09,E,2,7
2023-12-09,M,4,8
2023-12-10,E,2,1
2023-12-10,M,8,4
2023-12-11,E,6,5
2023-12-11,M,7,1
2023-12-12,E,3,6
2023-12-12,M,6,2
2023-12-13,E,1,8
2023-12-13,M,3,4
2023-12-14,E,5,9
2023-12-14,M,2,0
2023-12-15,E,6,1
2023-12-15,M,0,4
2023-12-16,E,2,0
2023-12-16,M,2,2
2023-12-17,E,2,6
2023-12-17,M,7,9
2023-12-18,E,9,4
2023-12-18,M,2,7
2023-12-19,E,4,6
2023-12-19,M,1,0
2024-02-06,E,9,3
2024-02-06,M,0,8
2024-02-07,E,1,6
2024-02-07,M,7,6
2024-02-08,E,5,9
2024-02-08,M,5,3
2024-02-09,E,7,5
2024-02-09,M,3,9
2024-02-10,E,1,6
2024-02-10,M,8,9
2024-02-11,E,4,8
2024-02-11,M,3,4
2024-02-12,E,4,9
2024-02-12,M,3,7
2024-02-13,E,5,5
2024-02-13,M,0,2
2024-02-14,E,0,7
2024-02-14,M,3,5
2024-02-15,E,9,0
2024-02-15,M,5,1
2024-02-16,E,2,5
2024-02-16,M,0,1
2024-02-17,E,6,8
2024-02-17,M,2,9
2024-02-18,E,6,3
2024-02-18,M,2,6
2024-02-19,E,8,0
2024-02-19,M,2,7
2024-02-20,E,5,3
2024-02-20,M,7,8
2024-02-21,E,0,5
2024-02-21,M,7,3
2024-02-22,E,3,6
2024-02-22,M,6,8
2024-02-23,E,6,5
2024-02-23,M,9,0
2024-02-24,E,1,5
2024-02-24,M,7,2
2024-02-25,E,5,1
2024-02-25,M,0,6
2024-02-26,E,8,3
2024-02-26,M,9,9
2024-02-27,E,3,8
2024-02-27,M,8,9
2024-02-28,E,3,0
2024-02-28,M,6,7
2024-02-29,E,0,0
2024-02-29,M,6,9
2024-03-01,E,5,3
2024-03-01,M,4,5
2024-03-02,E,9,8
2024-03-02,M,0,5
2024-03-03,E,1,1
2024-03-03,M,2,4
2024-03-04,E,4,8
2024-03-04,M,7,5
2024-03-05,E,3,8
2024-03-05,M,3,2
2024-03-06,E,0,9
2024-03-06,M,7,9
2024-03-07,E,1,0
2024-03-07,M,9,3
2024-03-08,M,6,0
2024-04-25,E,2,2
2024-04-26,E,6,8
2024-04-26,M,1,3
2024-04-27,E,5,5
2024-04-27,M,7,7
2024-04-28,E,1,6
2024-04-28,M,3,8
2024-04-29,E,4,3
2024-04-29,M,6,0
2024-04-30,E,9,1
2024-04-30,M,0,2
2024-05-01,E,9,3
2024-05-01,M,4,1
2024-05-02,E,2,2
2024-05-02,M,7,4
2024-05-03,E,6,6
2024-05-03,M,0,3
2024-05-04,E,8,3
2024-05-04,M,4,2
2024-05-05,E,5,7
2024-05-05,M,9,4
2024-05-06,E,6,6
2024-05-06,M,6,5
2024-05-07,E,6,1
2024-05-07,M,2,4
2024-05-08,E,7,8
2024-05-08,M,3,7
2024-05-09,E,9,5
2024-05-09,M,2,8
2024-05-10,E,5,2
2024-05-10,M,4,0
2024-05-11,E,3,3
2024-05-11,M,7,8
2024-05-12,E,8,0
2024-05-12,M,8,7
2024-05-13,E,3,5
2024-05-13,M,8,3
2024-05-14,E,1,6
2024-05-14,M,0,1
2024-05-15,E,1,3
2024-05-15,M,6,6
2024-05-16,E,8,3
2024-05-16,M,7,6
2024-05-17,E,3,5
2024-05-17,M,9,0
2024-05-18,E,6,7
2024-05-18,M,2,7
2024-05-19,E,2,6
2024-05-19,M,8,7
2024-05-20,E,6,9
2024-05-20,M,6,1
2024-05-21,E,7,1
2024-05-21,M,7,8
2024-05-22,E,4,8
2024-05-22,M,8,1
2024-05-23,E,5,7
2024-05-23,M,4,3
2024-05-24,E,9,3
2024-05-24,M,3,4
2024-05-25,E,9,2
2024-05-25,M,5,5
2024-05-26,E,5,0
2024-05-26,M,3,1
2024-07-14,E,6,8
2024-07-14,M,4,5
2024-07-15,E,2,6
2024-07-15,M,4,0
2024-07-16,E,9,9
2024-07-16,M,8,6
2024-07-17,E,5,9
2024-07-17,M,3,8
2024-07-18,E,4,8
2024-07-18,M,8,0
2024-07-19,E,3,0
2024-07-19,M,7,2
2024-07-20,E,0,1
2024-07-20,M,7,2
2024-07-21,E,3,0
2024-07-21,M,1,7
2024-07-22,E,0,1
2024-07-22,M,8,9
2024-07-23,E,4,3
2024-07-23,M,6,8
2024-07-24,E,9,7
2024-07-24,M,2,6
2024-07-25,E,4,5
2024-07-25,M,0,4
2024-07-26,E,9,9
2024-07-26,M,5,3
2024-07-27,E,7,3
2024-07-27,M,6,9
2024-07-28,E,3,1
2024-07-28,M,8,5
2024-07-29,E,7,5
2024-07-29,M,8,0
2024-07-30,E,3,8
2024-07-30,M,1,8
2024-07-31,E,4,5
2024-07-31,M,2,6
2024-08-01,E,2,0
2024-08-01,M,5,3
2024-08-02,E,0,2
2024-08-02,M,6,8
2024-08-03,E,7,8
2024-08-03,M,1,9
2024-08-04,E,2,7
2024-08-04,M,1,6
2024-08-05,E,3,9
2024-08-05,M,6,3
2024-08-06,E,7,7
2024-08-06,M,8,6
2024-08-07,E,5,7
2024-08-07,M,3,8
2024-08-08,E,5,6
2024-08-08,M,4,4
2024-08-09,E,7,5
2024-08-09,M,7,0
2024-08-10,E,6,2
2024-08-10,M,6,7
2024-08-11,E,1,6
2024-08-11,M,7,5
2024-08-12,E,6,6
2024-08-12,M,7,1
2024-08-13,E,2,9
2024-08-13,M,1,9
2024-08-14,M,9,0
2024-10-01,E,7,8
2024-10-02,E,2,0
2024-10-02,M,0,7
2024-10-03,E,9,1
2024-10-03,M,0,2
2024-10-04,E,7,1
2024-10-04,M,8,5
2024-10-05,E,5,1
2024-10-05,M,4,5
2024-10-06,E,6,4
2024-10-06,M,9,2
2024-10-07,E,2,3
2024-10-07,M,9,1
2024-10-08,E,2,7
2024-10-08,M,4,7
2024-10-09,E,5,2
2024-10-09,M,8,4
2024-10-10,E,3,7
2024-10-10,M,2,5
2024-10-11,E,4,8
2024-10-11,M,5,2
2024-10-12,E,0,7
2024-10-12,M,4,5
2024-10-13,E,5,5
2024-10-13,M,0,8
2024-10-14,E,4,8
2024-10-14,M,4,2
2024-10-15,E,3,9
2024-10-15,M,6,8
2024-10-16,E,2,9
2024-10-16,M,9,5
2024-10-17,E,5,9
2024-10-17,M,8,2
2024-10-18,E,0,8
2024-10-18,M,6,6
2024-10-19,E,7,4
2024-10-19,M,9,1
2024-10-20,E,1,9
2024-10-20,M,9,8
2024-10-21,E,1,9
2024-10-21,M,3,7
2024-10-22,E,5,1
2024-10-22,M,9,4
2024-10-23,E,9,6
2024-10-23,M,4,6
2024-10-24,E,2,3
2024-10-24,M,4,1
2024-10-25,E,7,3
2024-10-25,M,7,5
2024-10-26,E,8,3
2024-10-26,M,2,0
2024-10-27,E,6,4
2024-10-27,M,2,2
2024-10-28,E,0,0
2024-10-28,M,5,9
2024-10-29,E,6,7
2024-10-29,M,0,5
2024-10-30,E,2,3
2024-10-30,M,2,2
2024-10-31,E,3,4
2024-10-31,M,5,6
2024-11-01,E,1,9
2024-11-01,M,4,7
2024-12-20,E,5,5
2024-12-20,M,6,5
2024-12-21,E,0,6
2024-12-21,M,3,9
2024-12-22,E,2,6
2024-12-22,M,0,1
2024-12-23,E,4,7
2024-12-23,M,2,6
2024-12-24,E,6,3
2024-12-24,M,4,3
2024-12-25,E,0,2
2024-12-25,M,5,5
2024-12-26,E,0,0
2024-12-26,M,1,9
2024-12-27,E,8,0
2024-12-27,M,8,9
2024-12-28,E,8,3
2024-12-28,M,9,0
2024-12-29,E,3,5
2024-12-29,M,7,0
2024-12-30,E,1,8
2024-12-30,M,2,7
2024-12-31,E,1,8
2024-12-31,M,0,6
2025-01-01,E,0,7
2025-01-01,M,6,8
2025-01-02,E,9,8
2025-01-02,M,5,5
2025-01-03,E,9,4
2025-01-03,M,4,9
2025-01-04,E,4,3
2025-01-04,M,8,3
2025-01-05,E,3,0
2025-01-05,M,9,0
2025-01-06,E,9,8
2025-01-06,M,7,6
2025-01-07,E,9,1
2025-01-07,M,2,6
2025-01-08,E,0,5
2025-01-08,M,3,0
2025-01-09,E,1,9
2025-01-09,M,2,8
2025-01-10,E,5,9
2025-01-10,M,5,6
2025-01-11,E,9,6
2025-01-11,M,5,6
2025-01-12,E,3,9
2025-01-12,M,1,7
2025-01-13,E,6,8
2025-01-13,M,8,0
2025-01-14,E,7,2
2025-01-14,M,9,8
2025-01-15,E,7,0
2025-01-15,M,5,4
2025-01-16,E,1,0
2025-01-16,M,0,8
2025-01-17,E,9,4
2025-01-17,M,6,7
2025-01-18,E,7,5
2025-01-18,M,6,6
2025-01-19,E,8,6
2025-01-19,M,6,1
2025-01-20,M,6,3
2025-03-09,E,7,8
2025-03-10,E,3,0
2025-03-10,M,3,4
2025-03-11,E,2,5
2025-03-11,M,5,3
2025-03-12,E,4,6
2025-03-12,M,2,2
2025-03-13,E,5,6
2025-03-13,M,8,6
2025-03-14,E,3,9
2025-03-14,M,2,1
2025-03-15,E,5,0
2025-03-15,M,9,9
2025-03-16,E,2,8
2025-03-16,M,4,2
2025-03-17,E,2,8
2025-03-17,M,8,1
2025-03-18,E,9,7
2025-03-18,M,9,9
2025-03-19,E,9,8
2025-03-19,M,5,3
2025-03-20,E,0,4
2025-03-20,M,6,9
2025-03-21,E,4,7
2025-03-21,M,5,8
2025-03-22,E,9,8
2025-03-22,M,6,1
2025-03-23,E,3,1
2025-03-23,M,7,6
2025-03-24,E,7,0
2025-03-24,M,3,5
2025-03-25,E,3,6
2025-03-25,M,7,6
2025-03-26,E,0,0
2025-03-26,M,5,2
2025-03-27,E,2,0
2025-03-27,M,6,7
2025-03-28,E,7,1
2025-03-28,M,9,5
2025-03-29,E,4,3
2025-03-29,M,1,6
2025-03-30,E,5,0
2025-03-30,M,0,5
2025-03-31,E,4,2
2025-03-31,M,0,5
2025-04-01,E,9,2
2025-04-01,M,3,6
2025-04-02,E,4,8
2025-04-02,M,5,5
2025-04-03,E,1,9
2025-04-03,M,4,7
2025-04-04,E,7,7
2025-04-04,M,2,3
2025-04-05,E,3,5
2025-04-05,M,3,1
2025-04-06,E,8,4
2025-04-06,M,4,3
2025-04-07,E,2,9
2025-04-07,M,7,1
2025-04-08,E,9,6
2025-04-08,M,9,2
2025-04-09,E,3,5
2025-04-09,M,1,3
2025-05-28,E,2,9
2025-05-28,M,7,2
2025-05-29,E,8,1
2025-05-29,M,6,8
2025-05-30,E,1,4
2025-05-30,M,2,8
2025-05-31,E,2,6
2025-05-31,M,4,7
2025-06-01,E,1,4
2025-06-01,M,0,6
2025-06-02,E,0,9
2025-06-02,M,0,7
2025-06-03,E,1,1
2025-06-03,M,4,1
2025-06-04,E,8,4
2025-06-04,M,4,0
2025-06-05,E,7,5
2025-06-05,M,0,8
2025-06-06,E,3,4
2025-06-06,M,5,8
2025-06-07,E,0,0
2025-06-07,M,3,5
2025-06-08,E,2,5
2025-06-08,M,4,7
2025-06-09,E,9,2
2025-06-09,M,6,8
2025-06-10,E,6,3
2025-06-10,M,7,7
2025-06-11,E,6,6
2025-06-11,M,9,8
2025-06-12,E,6,1
2025-06-12,M,6,5
2025-06-13,E,5,4
2025-06-13,M,4,3
2025-06-14,E,1,7
2025-06-14,M,1,3
2025-06-15,E,2,7
2025-06-15,M,3,2
2025-06-16,E,6,7
2025-06-16,M,7,6
2025-06-17,E,2,1
2025-06-17,M,8,0
2025-06-18,E,3,7
2025-06-18,M,3,6
2025-06-19,E,5,6
2025-06-19,M,1,3
2025-06-20,E,3,9
2025-06-20,M,1,4
2025-06-21,E,4,8
2025-06-21,M,9,6
2025-06-22,E,0,2
2025-06-22,M,0,9
2025-06-23,E,6,3
2025-06-23,M,1,3
2025-06-24,E,5,7
2025-06-24,M,3,1
2025-06-25,E,4,0
2025-06-25,M,3,0
2025-06-26,E,0,6
2025-06-26,M,3,1
2025-06-27,E,6,1
2025-06-27,M,6,1
2025-06-28,M,7,8
2025-08-15,E,6,3
2025-08-16,E,9,5
2025-08-16,M,4,7
2025-08-17,E,7,0
2025-08-17,M,7,7
2025-08-18,E,6,1
2025-08-18,M,3,9
2025-08-19,E,4,1
2025-08-19,M,3,8
2025-08-20,E,0,6
2025-08-20,M,3,1
2025-08-21,E,4,6
2025-08-21,M,2,1
2025-08-22,E,4,3
2025-08-22,M,4,9
2025-08-23,E,7,4
2025-08-23,M,2,0
2025-08-24,E,4,4
2025-08-24,M,7,2
2025-08-25,E,2,7
2025-08-25,M,5,2
2025-08-26,E,0,1
2025-08-26,M,0,3
2025-08-27,E,1,4
2025-08-27,M,8,3
2025-08-28,E,7,1
2025-08-28,M,3,6
2025-08-29,E,4,6
2025-08-29,M,0,6
2025-08-30,E,5,4
2025-08-30,M,0,9
2025-08-31,E,6,6
2025-08-31,M,8,4
2025-09-01,E,6,3
2025-09-01,M,2,4
2025-09-02,E,9,0
2025-09-02,M,6,8
2025-09-03,E,1,6
2025-09-03,M,5,2
2025-09-04,E,1,7
2025-09-04,M,7,4
2025-09-05,E,8,1
2025-09-05,M,7,4
2025-09-06,E,0,5
2025-09-06,M,0,4
2025-09-07,E,4,7
2025-09-07,M,1,5
2025-09-08,E,9,8
2025-09-08,M,0,3
2025-09-09,E,7,5
2025-09-09,M,2,1
2025-09-10,E,5,4
2025-09-10,M,9,2
2025-09-11,E,0,4
2025-09-11,M,1,0
2025-09-12,E,9,2
2025-09-12,M,4,0
2025-09-13,E,9,4
2025-09-13,M,1,7
2025-09-14,E,5,5
2025-09-14,M,4,9
2025-09-15,E,8,7
2025-09-15,M,2,7
